Workbook

Sheet Fig. 2a
B1: Category | C1: z_h2 | D1: ROW.BAL. | E1: UNSP..ENRG | F1: h2_imports | G1: ccs_production | H1: wo_ccs_production | I1: SPIL..ENRG | J1: LOAD
A2: study_name | B2: label | C2: Electrolysis | D2: ROW. BAL. | E2: Unsupplied H2 | F2: Imports from third countries | G2: Blue hydrogen | H2: Grey hydrogen | I2: Spilled energy | J2: Consumption
A3: =year_agg_power_data!A2 -> 0 | B3: 0 | C3: =INDEX(year_agg_h2_data!$B$2:$AD$26,MATCH($A3,year_agg_h2_data!$A$2:$A$26,0),MATCH(C$1,year_agg_h2_data!$B$1:$AD$1,0)) -> #N/A | D3: =INDEX(year_agg_h2_data!$B$2:$AD$26,MATCH($A3,year_agg_h2_data!$A$2:$A$26,0),MATCH(D$1,year_agg_h2_data!$B$1:$AD$1,0)) -> #N/A | E3: =INDEX(year_agg_h2_data!$B$2:$AD$26,MATCH($A3,year_agg_h2_data!$A$2:$A$26,0),MATCH(E$1,year_agg_h2_data!$B$1:$AD$1,0)) -> #N/A | F3: =INDEX(year_agg_h2_data!$B$2:$AD$26,MATCH($A3,year_agg_h2_data!$A$2:$A$26,0),MATCH(F$1,year_agg_h2_data!$B$1:$AD$1,0)) -> #N/A | G3: =INDEX(year_agg_h2_data!$B$2:$AD$26,MATCH($A3,year_agg_h2_data!$A$2:$A$26,0),MATCH(G$1,year_agg_h2_data!$B$1:$AD$1,0)) -> #N/A | H3: =INDEX(year_agg_h2_data!$B$2:$AD$26,MATCH($A3,year_agg_h2_data!$A$2:$A$26,0),MATCH(H$1,year_agg_h2_data!$B$1:$AD$1,0)) -> #N/A | I3: =-INDEX(year_agg_h2_data!$B$2:$AD$26,MATCH($A3,year_agg_h2_data!$A$2:$A$26,0),MATCH(I$1,year_agg_h2_data!$B$1:$AD$1,0)) -> #N/A | J3: =-INDEX(year_agg_h2_data!$B$2:$AD$26,MATCH($A3,year_agg_h2_data!$A$2:$A$26,0),MATCH(J$1,year_agg_h2_data!$B$1:$AD$1,0)) -> #N/A
A4: =year_agg_power_data!A3 -> 0 | B4: 1 | C4: =INDEX(year_agg_h2_data!$B$2:$AD$26,MATCH($A4,year_agg_h2_data!$A$2:$A$26,0),MATCH(C$1,year_agg_h2_data!$B$1:$AD$1,0)) -> #N/A | D4: =INDEX(year_agg_h2_data!$B$2:$AD$26,MATCH($A4,year_agg_h2_data!$A$2:$A$26,0),MATCH(D$1,year_agg_h2_data!$B$1:$AD$1,0)) -> #N/A | E4: =INDEX(year_agg_h2_data!$B$2:$AD$26,MATCH($A4,year_agg_h2_data!$A$2:$A$26,0),MATCH(E$1,year_agg_h2_data!$B$1:$AD$1,0)) -> #N/A | F4: =INDEX(year_agg_h2_data!$B$2:$AD$26,MATCH($A4,year_agg_h2_data!$A$2:$A$26,0),MATCH(F$1,year_agg_h2_data!$B$1:$AD$1,0)) -> #N/A | G4: =INDEX(year_agg_h2_data!$B$2:$AD$26,MATCH($A4,year_agg_h2_data!$A$2:$A$26,0),MATCH(G$1,year_agg_h2_data!$B$1:$AD$1,0)) -> #N/A | H4: =INDEX(year_agg_h2_data!$B$2:$AD$26,MATCH($A4,year_agg_h2_data!$A$2:$A$26,0),MATCH(H$1,year_agg_h2_data!$B$1:$AD$1,0)) -> #N/A | I4: =-INDEX(year_agg_h2_data!$B$2:$AD$26,MATCH($A4,year_agg_h2_data!$A$2:$A$26,0),MATCH(I$1,year_agg_h2_data!$B$1:$AD$1,0)) -> #N/A | J4: =-INDEX(year_agg_h2_data!$B$2:$AD$26,MATCH($A4,year_agg_h2_data!$A$2:$A$26,0),MATCH(J$1,year_agg_h2_data!$B$1:$AD$1,0)) -> #N/A
A5: =year_agg_power_data!A4 -> 0 | B5: 2 | C5: =INDEX(year_agg_h2_data!$B$2:$AD$26,MATCH($A5,year_agg_h2_data!$A$2:$A$26,0),MATCH(C$1,year_agg_h2_data!$B$1:$AD$1,0)) -> #N/A | D5: =INDEX(year_agg_h2_data!$B$2:$AD$26,MATCH($A5,year_agg_h2_data!$A$2:$A$26,0),MATCH(D$1,year_agg_h2_data!$B$1:$AD$1,0)) -> #N/A | E5: =INDEX(year_agg_h2_data!$B$2:$AD$26,MATCH($A5,year_agg_h2_data!$A$2:$A$26,0),MATCH(E$1,year_agg_h2_data!$B$1:$AD$1,0)) -> #N/A | F5: =INDEX(year_agg_h2_data!$B$2:$AD$26,MATCH($A5,year_agg_h2_data!$A$2:$A$26,0),MATCH(F$1,year_agg_h2_data!$B$1:$AD$1,0)) -> #N/A | G5: =INDEX(year_agg_h2_data!$B$2:$AD$26,MATCH($A5,year_agg_h2_data!$A$2:$A$26,0),MATCH(G$1,year_agg_h2_data!$B$1:$AD$1,0)) -> #N/A | H5: =INDEX(year_agg_h2_data!$B$2:$AD$26,MATCH($A5,year_agg_h2_data!$A$2:$A$26,0),MATCH(H$1,year_agg_h2_data!$B$1:$AD$1,0)) -> #N/A | I5: =-INDEX(year_agg_h2_data!$B$2:$AD$26,MATCH($A5,year_agg_h2_data!$A$2:$A$26,0),MATCH(I$1,year_agg_h2_data!$B$1:$AD$1,0)) -> #N/A | J5: =-INDEX(year_agg_h2_data!$B$2:$AD$26,MATCH($A5,year_agg_h2_data!$A$2:$A$26,0),MATCH(J$1,year_agg_h2_data!$B$1:$AD$1,0)) -> #N/A
A6: =year_agg_power_data!A5 -> 0 | B6: 3 | C6: =INDEX(year_agg_h2_data!$B$2:$AD$26,MATCH($A6,year_agg_h2_data!$A$2:$A$26,0),MATCH(C$1,year_agg_h2_data!$B$1:$AD$1,0)) -> #N/A | D6: =INDEX(year_agg_h2_data!$B$2:$AD$26,MATCH($A6,year_agg_h2_data!$A$2:$A$26,0),MATCH(D$1,year_agg_h2_data!$B$1:$AD$1,0)) -> #N/A | E6: =INDEX(year_agg_h2_data!$B$2:$AD$26,MATCH($A6,year_agg_h2_data!$A$2:$A$26,0),MATCH(E$1,year_agg_h2_data!$B$1:$AD$1,0)) -> #N/A | F6: =INDEX(year_agg_h2_data!$B$2:$AD$26,MATCH($A6,year_agg_h2_data!$A$2:$A$26,0),MATCH(F$1,year_agg_h2_data!$B$1:$AD$1,0)) -> #N/A | G6: =INDEX(year_agg_h2_data!$B$2:$AD$26,MATCH($A6,year_agg_h2_data!$A$2:$A$26,0),MATCH(G$1,year_agg_h2_data!$B$1:$AD$1,0)) -> #N/A | H6: =INDEX(year_agg_h2_data!$B$2:$AD$26,MATCH($A6,year_agg_h2_data!$A$2:$A$26,0),MATCH(H$1,year_agg_h2_data!$B$1:$AD$1,0)) -> #N/A | I6: =-INDEX(year_agg_h2_data!$B$2:$AD$26,MATCH($A6,year_agg_h2_data!$A$2:$A$26,0),MATCH(I$1,year_agg_h2_data!$B$1:$AD$1,0)) -> #N/A | J6: =-INDEX(year_agg_h2_data!$B$2:$AD$26,MATCH($A6,year_agg_h2_data!$A$2:$A$26,0),MATCH(J$1,year_agg_h2_data!$B$1:$AD$1,0)) -> #N/A

Sheet Fig 3.a
B26: Category | C26: H..ROR | D26: WIND.OFFSHORE | E26: WIND.ONSHORE | F26: SOLAR.CONCRT. | G26: SOLAR.PV | H26: NUCLEAR | I26: CCGT_production | J26: OCGT_production | K26: Conventional_production | L26: dsr | M26: h2_cluster | N26: battery_turb | O26: othernonres | P26: COAL | Q26: OIL | R26: LIGNITE | S26: UNSP..ENRG | T26: SPIL..ENRG | U26: 0_battery_pump | V26: 2_open_pump | W26: 1_pump_closed | X26: LOAD | Y26: MISC..NDG | Z26: z_h2 | AA26: hydro_res | AB26: 2_open_turb | AC26: 1_turb_closed
A27: study_name | B27: label | C27: Run-of-river hydro | D27: Offshore wind | E27: Onshore wind | F27: Concentration solar | G27: PV | H27: Nuclear | I27: Methane - CCGT | J27: Methane - OCGT | K27: Methane - conventional | L27: DSR | M27: Hydrogen - CCGT | N27: Battery | O27: Other non-RES | P27: Coal | Q27: Oil | R27: Lignite | S27: Unsupplied energy | T27: Spilled energy | U27: Battery | V27: Pumping | W27: ROW.BAL. | X27: Load | Y27: Non-disp. generation | Z27: Electrolysis | AA27: Other hydro
A28: =year_agg_power_data!A2 -> 0 | B28: =RIGHT(A28,LEN(A28)-9) -> #VALUE! | C28: =INDEX(year_agg_power_data!$B$2:$AJ$26,MATCH($A28,year_agg_power_data!$A$2:$A$26,0),MATCH(C$26,year_agg_power_data!$B$1:$AJ$1,0)) -> #N/A | D28: =INDEX(year_agg_power_data!$B$2:$AJ$26,MATCH($A28,year_agg_power_data!$A$2:$A$26,0),MATCH(D$26,year_agg_power_data!$B$1:$AJ$1,0)) -> #N/A | E28: =INDEX(year_agg_power_data!$B$2:$AJ$26,MATCH($A28,year_agg_power_data!$A$2:$A$26,0),MATCH(E$26,year_agg_power_data!$B$1:$AJ$1,0)) -> #N/A | F28: =INDEX(year_agg_power_data!$B$2:$AJ$26,MATCH($A28,year_agg_power_data!$A$2:$A$26,0),MATCH(F$26,year_agg_power_data!$B$1:$AJ$1,0)) -> #N/A | G28: =INDEX(year_agg_power_data!$B$2:$AJ$26,MATCH($A28,year_agg_power_data!$A$2:$A$26,0),MATCH(G$26,year_agg_power_data!$B$1:$AJ$1,0)) -> #N/A | H28: =INDEX(year_agg_power_data!$B$2:$AJ$26,MATCH($A28,year_agg_power_data!$A$2:$A$26,0),MATCH(H$26,year_agg_power_data!$B$1:$AJ$1,0)) -> #N/A | I28: =INDEX(year_agg_power_data!$B$2:$AJ$26,MATCH($A28,year_agg_power_data!$A$2:$A$26,0),MATCH(I$26,year_agg_power_data!$B$1:$AJ$1,0)) -> #N/A | J28: =INDEX(year_agg_power_data!$B$2:$AJ$26,MATCH($A28,year_agg_power_data!$A$2:$A$26,0),MATCH(J$26,year_agg_power_data!$B$1:$AJ$1,0)) -> #N/A | ... S28: =INDEX(year_agg_power_data!$B$2:$AJ$26,MATCH($A28,year_agg_power_data!$A$2:$A$26,0),MATCH(S$26,year_agg_power_data!$B$1:$AJ$1,0)) -> #N/A | T28: =-INDEX(year_agg_power_data!$B$2:$AJ$26,MATCH($A28,year_agg_power_data!$A$2:$A$26,0),MATCH(T$26,year_agg_power_data!$B$1:$AJ$1,0)) -> #N/A | U28: =INDEX(year_agg_power_data!$B$2:$AJ$26,MATCH($A28,year_agg_power_data!$A$2:$A$26,0),MATCH(U$26,year_agg_power_data!$B$1:$AJ$1,0)) -> #N/A | V28: =INDEX(year_agg_power_data!$B$2:$AJ$26,MATCH($A28,year_agg_power_data!$A$2:$A$26,0),MATCH(W$26,year_agg_power_data!$B$1:$AJ$1,0))+INDEX(year_agg_power_data!$B$2:$AJ$26,MATCH($A28,year_agg_power_data!$A$2:$A$26,0),MATCH(V$26,year_agg_power_data!$B$1:$AJ$1,0)) -> #N/A | W28: =INDEX(year_agg_power_data!$B$2:$AJ$26,MATCH($A28,year_agg_power_data!$A$2:$A$26,0),MATCH(W$27,year_agg_power_data!$B$1:$AJ$1,0)) -> #N/A | X28: =-INDEX(year_agg_power_data!$B$2:$AJ$26,MATCH($A28,year_agg_power_data!$A$2:$A$26,0),MATCH(X$26,year_agg_power_data!$B$1:$AJ$1,0)) -> #N/A | Y28: =INDEX(year_agg_power_data!$B$2:$AJ$26,MATCH($A28,year_agg_power_data!$A$2:$A$26,0),MATCH(Y$26,year_agg_power_data!$B$1:$AJ$1,0)) -> #N/A | Z28: =-INDEX(year_agg_power_data!$B$2:$AJ$26,MATCH($A28,year_agg_power_data!$A$2:$A$26,0),MATCH(Z$26,year_agg_power_data!$B$1:$AJ$1,0)) -> #N/A | AA28: =INDEX(year_agg_power_data!$B$2:$AJ$26,MATCH($A28,year_agg_power_data!$A$2:$A$26,0),MATCH(AB$26,year_agg_power_data!$B$1:$AJ$1,0))+INDEX(year_agg_power_data!$B$2:$AJ$26,MATCH($A28,year_agg_power_data!$A$2:$A$26,0),MATCH(AC$26,year_agg_power_data!$B$1:$AJ$1,0))+INDEX(year_agg_power_data!$B$2:$AJ$26,MATCH($A28,year_agg_power_data!$A$2:$A$26,0),MATCH(AA$26,year_agg_power_data!$B$1:$AJ$1,0)) -> #N/A
A29: =year_agg_power_data!A3 -> 0 | B29: =RIGHT(A29,LEN(A29)-9) -> #VALUE! | C29: =INDEX(year_agg_power_data!$B$2:$AJ$26,MATCH($A29,year_agg_power_data!$A$2:$A$26,0),MATCH(C$26,year_agg_power_data!$B$1:$AJ$1,0)) -> #N/A | D29: =INDEX(year_agg_power_data!$B$2:$AJ$26,MATCH($A29,year_agg_power_data!$A$2:$A$26,0),MATCH(D$26,year_agg_power_data!$B$1:$AJ$1,0)) -> #N/A | E29: =INDEX(year_agg_power_data!$B$2:$AJ$26,MATCH($A29,year_agg_power_data!$A$2:$A$26,0),MATCH(E$26,year_agg_power_data!$B$1:$AJ$1,0)) -> #N/A | F29: =INDEX(year_agg_power_data!$B$2:$AJ$26,MATCH($A29,year_agg_power_data!$A$2:$A$26,0),MATCH(F$26,year_agg_power_data!$B$1:$AJ$1,0)) -> #N/A | G29: =INDEX(year_agg_power_data!$B$2:$AJ$26,MATCH($A29,year_agg_power_data!$A$2:$A$26,0),MATCH(G$26,year_agg_power_data!$B$1:$AJ$1,0)) -> #N/A | H29: =INDEX(year_agg_power_data!$B$2:$AJ$26,MATCH($A29,year_agg_power_data!$A$2:$A$26,0),MATCH(H$26,year_agg_power_data!$B$1:$AJ$1,0)) -> #N/A | I29: =INDEX(year_agg_power_data!$B$2:$AJ$26,MATCH($A29,year_agg_power_data!$A$2:$A$26,0),MATCH(I$26,year_agg_power_data!$B$1:$AJ$1,0)) -> #N/A | J29: =INDEX(year_agg_power_data!$B$2:$AJ$26,MATCH($A29,year_agg_power_data!$A$2:$A$26,0),MATCH(J$26,year_agg_power_data!$B$1:$AJ$1,0)) -> #N/A | ... S29: =INDEX(year_agg_power_data!$B$2:$AJ$26,MATCH($A29,year_agg_power_data!$A$2:$A$26,0),MATCH(S$26,year_agg_power_data!$B$1:$AJ$1,0)) -> #N/A | T29: =-INDEX(year_agg_power_data!$B$2:$AJ$26,MATCH($A29,year_agg_power_data!$A$2:$A$26,0),MATCH(T$26,year_agg_power_data!$B$1:$AJ$1,0)) -> #N/A | U29: =INDEX(year_agg_power_data!$B$2:$AJ$26,MATCH($A29,year_agg_power_data!$A$2:$A$26,0),MATCH(U$26,year_agg_power_data!$B$1:$AJ$1,0)) -> #N/A | V29: =INDEX(year_agg_power_data!$B$2:$AJ$26,MATCH($A29,year_agg_power_data!$A$2:$A$26,0),MATCH(W$26,year_agg_power_data!$B$1:$AJ$1,0))+INDEX(year_agg_power_data!$B$2:$AJ$26,MATCH($A29,year_agg_power_data!$A$2:$A$26,0),MATCH(V$26,year_agg_power_data!$B$1:$AJ$1,0)) -> #N/A | W29: =INDEX(year_agg_power_data!$B$2:$AJ$26,MATCH($A29,year_agg_power_data!$A$2:$A$26,0),MATCH(W$27,year_agg_power_data!$B$1:$AJ$1,0)) -> #N/A | X29: =-INDEX(year_agg_power_data!$B$2:$AJ$26,MATCH($A29,year_agg_power_data!$A$2:$A$26,0),MATCH(X$26,year_agg_power_data!$B$1:$AJ$1,0)) -> #N/A | Y29: =INDEX(year_agg_power_data!$B$2:$AJ$26,MATCH($A29,year_agg_power_data!$A$2:$A$26,0),MATCH(Y$26,year_agg_power_data!$B$1:$AJ$1,0)) -> #N/A | Z29: =-INDEX(year_agg_power_data!$B$2:$AJ$26,MATCH($A29,year_agg_power_data!$A$2:$A$26,0),MATCH(Z$26,year_agg_power_data!$B$1:$AJ$1,0)) -> #N/A | AA29: =INDEX(year_agg_power_data!$B$2:$AJ$26,MATCH($A29,year_agg_power_data!$A$2:$A$26,0),MATCH(AB$26,year_agg_power_data!$B$1:$AJ$1,0))+INDEX(year_agg_power_data!$B$2:$AJ$26,MATCH($A29,year_agg_power_data!$A$2:$A$26,0),MATCH(AC$26,year_agg_power_data!$B$1:$AJ$1,0))+INDEX(year_agg_power_data!$B$2:$AJ$26,MATCH($A29,year_agg_power_data!$A$2:$A$26,0),MATCH(AA$26,year_agg_power_data!$B$1:$AJ$1,0)) -> #N/A
A30: =year_agg_power_data!A4 -> 0 | B30: =RIGHT(A30,LEN(A30)-9) -> #VALUE! | C30: =INDEX(year_agg_power_data!$B$2:$AJ$26,MATCH($A30,year_agg_power_data!$A$2:$A$26,0),MATCH(C$26,year_agg_power_data!$B$1:$AJ$1,0)) -> #N/A | D30: =INDEX(year_agg_power_data!$B$2:$AJ$26,MATCH($A30,year_agg_power_data!$A$2:$A$26,0),MATCH(D$26,year_agg_power_data!$B$1:$AJ$1,0)) -> #N/A | E30: =INDEX(year_agg_power_data!$B$2:$AJ$26,MATCH($A30,year_agg_power_data!$A$2:$A$26,0),MATCH(E$26,year_agg_power_data!$B$1:$AJ$1,0)) -> #N/A | F30: =INDEX(year_agg_power_data!$B$2:$AJ$26,MATCH($A30,year_agg_power_data!$A$2:$A$26,0),MATCH(F$26,year_agg_power_data!$B$1:$AJ$1,0)) -> #N/A | G30: =INDEX(year_agg_power_data!$B$2:$AJ$26,MATCH($A30,year_agg_power_data!$A$2:$A$26,0),MATCH(G$26,year_agg_power_data!$B$1:$AJ$1,0)) -> #N/A | H30: =INDEX(year_agg_power_data!$B$2:$AJ$26,MATCH($A30,year_agg_power_data!$A$2:$A$26,0),MATCH(H$26,year_agg_power_data!$B$1:$AJ$1,0)) -> #N/A | I30: =INDEX(year_agg_power_data!$B$2:$AJ$26,MATCH($A30,year_agg_power_data!$A$2:$A$26,0),MATCH(I$26,year_agg_power_data!$B$1:$AJ$1,0)) -> #N/A | J30: =INDEX(year_agg_power_data!$B$2:$AJ$26,MATCH($A30,year_agg_power_data!$A$2:$A$26,0),MATCH(J$26,year_agg_power_data!$B$1:$AJ$1,0)) -> #N/A | ... S30: =INDEX(year_agg_power_data!$B$2:$AJ$26,MATCH($A30,year_agg_power_data!$A$2:$A$26,0),MATCH(S$26,year_agg_power_data!$B$1:$AJ$1,0)) -> #N/A | T30: =-INDEX(year_agg_power_data!$B$2:$AJ$26,MATCH($A30,year_agg_power_data!$A$2:$A$26,0),MATCH(T$26,year_agg_power_data!$B$1:$AJ$1,0)) -> #N/A | U30: =INDEX(year_agg_power_data!$B$2:$AJ$26,MATCH($A30,year_agg_power_data!$A$2:$A$26,0),MATCH(U$26,year_agg_power_data!$B$1:$AJ$1,0)) -> #N/A | V30: =INDEX(year_agg_power_data!$B$2:$AJ$26,MATCH($A30,year_agg_power_data!$A$2:$A$26,0),MATCH(W$26,year_agg_power_data!$B$1:$AJ$1,0))+INDEX(year_agg_power_data!$B$2:$AJ$26,MATCH($A30,year_agg_power_data!$A$2:$A$26,0),MATCH(V$26,year_agg_power_data!$B$1:$AJ$1,0)) -> #N/A | W30: =INDEX(year_agg_power_data!$B$2:$AJ$26,MATCH($A30,year_agg_power_data!$A$2:$A$26,0),MATCH(W$27,year_agg_power_data!$B$1:$AJ$1,0)) -> #N/A | X30: =-INDEX(year_agg_power_data!$B$2:$AJ$26,MATCH($A30,year_agg_power_data!$A$2:$A$26,0),MATCH(X$26,year_agg_power_data!$B$1:$AJ$1,0)) -> #N/A | Y30: =INDEX(year_agg_power_data!$B$2:$AJ$26,MATCH($A30,year_agg_power_data!$A$2:$A$26,0),MATCH(Y$26,year_agg_power_data!$B$1:$AJ$1,0)) -> #N/A | Z30: =-INDEX(year_agg_power_data!$B$2:$AJ$26,MATCH($A30,year_agg_power_data!$A$2:$A$26,0),MATCH(Z$26,year_agg_power_data!$B$1:$AJ$1,0)) -> #N/A | AA30: =INDEX(year_agg_power_data!$B$2:$AJ$26,MATCH($A30,year_agg_power_data!$A$2:$A$26,0),MATCH(AB$26,year_agg_power_data!$B$1:$AJ$1,0))+INDEX(year_agg_power_data!$B$2:$AJ$26,MATCH($A30,year_agg_power_data!$A$2:$A$26,0),MATCH(AC$26,year_agg_power_data!$B$1:$AJ$1,0))+INDEX(year_agg_power_data!$B$2:$AJ$26,MATCH($A30,year_agg_power_data!$A$2:$A$26,0),MATCH(AA$26,year_agg_power_data!$B$1:$AJ$1,0)) -> #N/A
A31: =year_agg_power_data!A5 -> 0 | B31: =RIGHT(A31,LEN(A31)-9) -> #VALUE! | C31: =INDEX(year_agg_power_data!$B$2:$AJ$26,MATCH($A31,year_agg_power_data!$A$2:$A$26,0),MATCH(C$26,year_agg_power_data!$B$1:$AJ$1,0)) -> #N/A | D31: =INDEX(year_agg_power_data!$B$2:$AJ$26,MATCH($A31,year_agg_power_data!$A$2:$A$26,0),MATCH(D$26,year_agg_power_data!$B$1:$AJ$1,0)) -> #N/A | E31: =INDEX(year_agg_power_data!$B$2:$AJ$26,MATCH($A31,year_agg_power_data!$A$2:$A$26,0),MATCH(E$26,year_agg_power_data!$B$1:$AJ$1,0)) -> #N/A | F31: =INDEX(year_agg_power_data!$B$2:$AJ$26,MATCH($A31,year_agg_power_data!$A$2:$A$26,0),MATCH(F$26,year_agg_power_data!$B$1:$AJ$1,0)) -> #N/A | G31: =INDEX(year_agg_power_data!$B$2:$AJ$26,MATCH($A31,year_agg_power_data!$A$2:$A$26,0),MATCH(G$26,year_agg_power_data!$B$1:$AJ$1,0)) -> #N/A | H31: =INDEX(year_agg_power_data!$B$2:$AJ$26,MATCH($A31,year_agg_power_data!$A$2:$A$26,0),MATCH(H$26,year_agg_power_data!$B$1:$AJ$1,0)) -> #N/A | I31: =INDEX(year_agg_power_data!$B$2:$AJ$26,MATCH($A31,year_agg_power_data!$A$2:$A$26,0),MATCH(I$26,year_agg_power_data!$B$1:$AJ$1,0)) -> #N/A | J31: =INDEX(year_agg_power_data!$B$2:$AJ$26,MATCH($A31,year_agg_power_data!$A$2:$A$26,0),MATCH(J$26,year_agg_power_data!$B$1:$AJ$1,0)) -> #N/A | ... S31: =INDEX(year_agg_power_data!$B$2:$AJ$26,MATCH($A31,year_agg_power_data!$A$2:$A$26,0),MATCH(S$26,year_agg_power_data!$B$1:$AJ$1,0)) -> #N/A | T31: =-INDEX(year_agg_power_data!$B$2:$AJ$26,MATCH($A31,year_agg_power_data!$A$2:$A$26,0),MATCH(T$26,year_agg_power_data!$B$1:$AJ$1,0)) -> #N/A | U31: =INDEX(year_agg_power_data!$B$2:$AJ$26,MATCH($A31,year_agg_power_data!$A$2:$A$26,0),MATCH(U$26,year_agg_power_data!$B$1:$AJ$1,0)) -> #N/A | V31: =INDEX(year_agg_power_data!$B$2:$AJ$26,MATCH($A31,year_agg_power_data!$A$2:$A$26,0),MATCH(W$26,year_agg_power_data!$B$1:$AJ$1,0))+INDEX(year_agg_power_data!$B$2:$AJ$26,MATCH($A31,year_agg_power_data!$A$2:$A$26,0),MATCH(V$26,year_agg_power_data!$B$1:$AJ$1,0)) -> #N/A | W31: =INDEX(year_agg_power_data!$B$2:$AJ$26,MATCH($A31,year_agg_power_data!$A$2:$A$26,0),MATCH(W$27,year_agg_power_data!$B$1:$AJ$1,0)) -> #N/A | X31: =-INDEX(year_agg_power_data!$B$2:$AJ$26,MATCH($A31,year_agg_power_data!$A$2:$A$26,0),MATCH(X$26,year_agg_power_data!$B$1:$AJ$1,0)) -> #N/A | Y31: =INDEX(year_agg_power_data!$B$2:$AJ$26,MATCH($A31,year_agg_power_data!$A$2:$A$26,0),MATCH(Y$26,year_agg_power_data!$B$1:$AJ$1,0)) -> #N/A | Z31: =-INDEX(year_agg_power_data!$B$2:$AJ$26,MATCH($A31,year_agg_power_data!$A$2:$A$26,0),MATCH(Z$26,year_agg_power_data!$B$1:$AJ$1,0)) -> #N/A | AA31: =INDEX(year_agg_power_data!$B$2:$AJ$26,MATCH($A31,year_agg_power_data!$A$2:$A$26,0),MATCH(AB$26,year_agg_power_data!$B$1:$AJ$1,0))+INDEX(year_agg_power_data!$B$2:$AJ$26,MATCH($A31,year_agg_power_data!$A$2:$A$26,0),MATCH(AC$26,year_agg_power_data!$B$1:$AJ$1,0))+INDEX(year_agg_power_data!$B$2:$AJ$26,MATCH($A31,year_agg_power_data!$A$2:$A$26,0),MATCH(AA$26,year_agg_power_data!$B$1:$AJ$1,0)) -> #N/A
B34: Diff with | C34: =A28 -> 0
B35: Category | C35: =C26 -> H..ROR | D35: =D26 -> WIND.OFFSHORE | E35: =E26 -> WIND.ONSHORE | F35: =F26 -> SOLAR.CONCRT. | G35: =G26 -> SOLAR.PV | H35: =H26 -> NUCLEAR | I35: =I26 -> CCGT_production | J35: =J26 -> OCGT_production | ... T35: =T26 -> SPIL..ENRG
A36: study_name | B36: label | C36: =C27 -> Run-of-river hydro | D36: =D27 -> Offshore wind | E36: =E27 -> Onshore wind | F36: =F27 -> Concentration solar | G36: =G27 -> PV | H36: =H27 -> Nuclear | I36: =I27 -> Methane - CCGT | J36: =J27 -> Methane - OCGT | ... M36: =M27 -> Hydrogen - CCGT | N36: Battery discharge | O36: =O27 -> Other non-RES | P36: Coal, Oil and Lignite | Q36: =Q27 -> Oil | R36: =R27 -> Lignite | S36: =S27 -> Unsupplied energy | T36: =T27 -> Spilled energy
B37: 0
B38: 1 | C38: =C29-C$28 -> #N/A | D38: =D29-D$28 -> #N/A | E38: =E29-E$28 -> #N/A | F38: =F29-F$28 -> #N/A | G38: =G29-G$28 -> #N/A | H38: =H29-H28 -> #N/A | I38: =I29-I28 -> #N/A | J38: =J29-J28 -> #N/A | K38: =K29-K28 -> #N/A | L38: =L29-L28 -> #N/A | M38: =M29-M28 -> #N/A | N38: =N29-N28 -> #N/A | O38: =O29-O28 -> #N/A | ... T38: =T29-T28 -> #N/A
B39: 2 | C39: =C30-C$28 -> #N/A | D39: =D30-D$28 -> #N/A | E39: =E30-E$28 -> #N/A | F39: =F30-F$28 -> #N/A | G39: =G30-G$28 -> #N/A | H39: =H30-H29 -> #N/A | I39: =I30-I29 -> #N/A | J39: =J30-J29 -> #N/A | K39: =K30-K29 -> #N/A | L39: =L30-L29 -> #N/A | M39: =M30-M29 -> #N/A | N39: =N30-N29 -> #N/A | O39: =O30-O29 -> #N/A | ... T39: =T30-T29 -> #N/A
B40: 3 | C40: =C31-C$28 -> #N/A | D40: =D31-D$28 -> #N/A | E40: =E31-E$28 -> #N/A | F40: =F31-F$28 -> #N/A | G40: =G31-G$28 -> #N/A | H40: =H31-H30 -> #N/A | I40: =I31-I30 -> #N/A | J40: =J31-J30 -> #N/A | K40: =K31-K30 -> #N/A | L40: =L31-L30 -> #N/A | M40: =M31-M30 -> #N/A | N40: =N31-N30 -> #N/A | O40: =O31-O30 -> #N/A | ... T40: =T31-T30 -> #N/A

Sheet year_agg_power_data
A1: study_name | B1: LOAD | C1: SPIL..ENRG | D1: z_h2 | E1: BALANCE | F1: ROW.BAL. | G1: UNSP..ENRG | H1: H..ROR | I1: WIND.OFFSHORE | J1: WIND.ONSHORE | K1: SOLAR.CONCRT. | L1: SOLAR.PV | M1: NUCLEAR | N1: GAS | O1: COAL | P1: LIGNITE | Q1: OIL | R1: MISC..DTG | S1: MISC..NDG | T1: CO2.EMIS. | U1: 0_battery_pump | V1: 1_pump_closed | W1: 1_turb_closed | X1: CCGT_production | Y1: CCGT_methane_cons_TWh | Z1: OCGT_production | AA1: OCGT_methane_cons_TWh | AB1: Conventional_production | AC1: Conventional_methane_cons_TWh | AD1: dsr | AE1: h2_cluster | AF1: battery_turb | AG1: othernonres | AH1: hydro_res | AI1: 2_open_turb | AJ1: 2_open_pump
A2: NT2040_0 | B2: 4356.1028 | C2: 504.02153 | D2: 1014.1237 | E2: 1e-06 | F2: -47.662326 | G2: 2.427435 | H2: 171.37159 | I2: 1524.7847 | J2: 1477.3976 | K2: 20.947306 | L2: 1287.2916 | M2: 514.38869 | N2: 231.03131 | O2: 15.945537 | P2: 0.667732 | Q2: 0.390138 | R2: 481.86494 | S2: 196.80017 | T2: 91.971992 | U2: -268.85765 | V2: -86.071095 | W2: 64.553321 | X2: 144.8464 | Y2: 251.39117 | Z2: 5.234304 | AA2: 14.045913 | AB2: 0.59453 | AC2: 1.4905359 | AD2: 99.110279 | AE2: 80.312341 | AF2: 247.34904 | AG2: 135.40562 | AH2: 285.72832 | AI2: 40.487906 | AJ2: -39.238874
A3: NT2040_1 | B3: 4356.1028 | C3: 501.51895 | D3: 1063.7232 | E3: -3e-06 | F3: -47.662326 | G3: 2.427452 | H3: 171.37159 | I3: 1524.7847 | J3: 1477.3976 | K3: 20.947306 | L3: 1287.2916 | M3: 515.52011 | N3: 245.47477 | O3: 16.329208 | P3: 0.669141 | Q3: 0.393698 | R3: 505.4591 | S3: 196.80017 | T3: 99.906766 | U3: -263.71991 | V3: -79.874866 | W3: 59.90615 | X3: 152.43102 | Y3: 265.02239 | Z3: 5.241942 | AA3: 14.065064 | AB3: 0.598623 | AC3: 1.5008999 | AD3: 109.98716 | AE3: 87.157595 | AF3: 242.62232 | AG3: 152.84963 | AH3: 285.787 | AI3: 39.631056 | AJ3: -37.588298
A4: NT2040_2 | B4: 4356.1028 | C4: 502.22061 | D4: 1194.4451 | E4: -2e-06 | F4: -47.662326 | G4: 2.427908 | H4: 171.37159 | I4: 1524.7847 | J4: 1477.3976 | K4: 20.947306 | L4: 1287.2916 | M4: 516.42642 | N4: 354.63429 | O4: 17.198376 | P4: 0.679792 | Q4: 0.397125 | R4: 525.84652 | S4: 196.80017 | T4: 116.75617 | U4: -265.24545 | V4: -75.603018 | W4: 56.702263 | X4: 204.87786 | Y4: 355.03496 | Z4: 5.305103 | AA4: 14.218283 | AB4: 0.671618 | AC4: 1.6802732 | AD4: 122.1175 | AE4: 143.70547 | AF4: 244.02582 | AG4: 159.7032 | AH4: 285.77353 | AI4: 39.015053 | AJ4: -36.414698
A5: NT2040_3 | B5: 4356.1028 | C5: 502.24221 | D5: 1252.1367 | E5: -1e-06 | F5: -47.662326 | G5: 2.428037 | H5: 171.37159 | I5: 1524.7847 | J5: 1477.3976 | K5: 20.947306 | L5: 1287.2916 | M5: 516.56969 | N5: 399.59898 | O5: 18.21271 | P5: 0.695372 | Q5: 0.397292 | R5: 533.835 | S5: 196.80017 | T5: 126.65864 | U5: -261.01509 | V5: -76.838598 | W5: 57.628948 | X5: 225.25215 | Y5: 390.04224 | Z5: 5.422525 | AA5: 14.505398 | AB5: 0.798566 | AC5: 1.993061 | AD5: 125.1159 | AE5: 168.03758 | AF5: 240.13388 | AG5: 168.58522 | AH5: 285.75713 | AI5: 39.534324 | AJ5: -37.252366

Sheet year_area_power_data
A1: study_name | B1: area | C1: LOAD | D1: SPIL..ENRG | E1: z_h2 | F1: BALANCE | G1: ROW.BAL. | H1: UNSP..ENRG | I1: H..ROR | J1: WIND.OFFSHORE | K1: WIND.ONSHORE | L1: SOLAR.CONCRT. | M1: SOLAR.PV | N1: NUCLEAR | O1: GAS | P1: COAL | Q1: LIGNITE | R1: OIL | S1: MISC..DTG | T1: MISC..NDG | U1: MRG..PRICE | V1: CO2.EMIS. | W1: 0_battery_pump | X1: 1_pump_closed | Y1: 1_turb_closed | Z1: CCGT_production | AA1: CCGT_methane_cons_TWh | AB1: OCGT_production | AC1: OCGT_methane_cons_TWh | AD1: Conventional_production | AE1: Conventional_methane_cons_TWh | AF1: dsr | AG1: h2_cluster | AH1: battery_turb | AI1: othernonres | AJ1: hydro_res | AK1: 2_open_turb | AL1: 2_open_pump
A2: NT2040_0 | B2: at00 | C2: 131.71264 | D2: 0.387588 | E2: 2.427077 | F2: -19.755253 | G2: -13.644687 | H2: 0.091499 | I2: 26.978019 | J2: 0 | K2: 43.808617 | L2: 0 | M2: 35.7189 | N2: 0 | O2: 6.086071 | P2: 0 | Q2: 0 | R2: 0 | S2: 1.723129 | T2: 4.385035 | U2: 0.00014512 | V2: 0 | W2: -0.151478 | X2: -0.664311 | Y2: 0.498233 | Z2: 0 | AA2: 0 | AB2: 0 | AC2: 0 | AD2: 0 | AE2: 0 | AF2: 0.079252 | AG2: 6.086071 | AH2: 0.13936 | AI2: 1.504517 | AJ2: 8.214085 | AK2: 11.186573 | AL2: -9.457641
A3: NT2040_0 | B3: be00 | C3: 141.9343 | D3: 0.816509 | E3: 5.522598 | F3: -45.995614 | G3: 0 | H3: 0.024396 | I3: 0.504509 | J3: 25.497276 | K3: 21.896684 | L3: 0 | M3: 27.927678 | N3: 0 | O3: 13.29864 | P3: 2.565192 | Q3: 0 | R3: 0.038954 | S3: 11.178723 | T3: 2.522381 | U3: 0.00010974 | V3: 5.496854 | W3: -2.344967 | X3: -3.326699 | Y3: 2.495024 | Z3: 8.210577 | AA3: 13.936626 | AB3: 0.087204 | AC3: 0.20762857 | AD3: 0 | AE3: 0 | AF3: 2.479652 | AG3: 5.00086 | AH3: 2.15737 | AI3: 6.5417 | AJ3: 0 | AK3: 0 | AL3: 0
A4: NT2040_0 | B4: beof | C4: 0 | D4: 0.417733 | E4: 0 | F4: 5.53379 | G4: 0 | H4: 0 | I4: 0 | J4: 5.951523 | K4: 0 | L4: 0 | M4: 0 | N4: 0 | O4: 0 | P4: 0 | Q4: 0 | R4: 0 | S4: 0 | T4: 0 | U4: 8.86e-05 | V4: 0 | W4: 0 | X4: 0 | Y4: 0 | Z4: 0 | AA4: 0 | AB4: 0 | AC4: 0 | AD4: 0 | AE4: 0 | AF4: 0 | AG4: 0 | AH4: 0 | AI4: 0 | AJ4: 0 | AK4: 0 | AL4: 0
A5: NT2040_0 | B5: ch00 | C5: 71.900756 | D5: 0.53872 | E5: 0.030347 | F5: -0.580264 | G5: 0 | H5: 0.002698 | I5: 16.429958 | J5: 0 | K5: 2.37781 | L5: 0 | M5: 29.666223 | N5: 0 | O5: 0 | P5: 0 | Q5: 0 | R5: 0 | S5: 2.351526 | T5: 2.467623 | U5: 0.00010036 | V5: 0.821621 | W5: -0.989224 | X5: -3.851162 | Y5: 2.888371 | Z5: 0 | AA5: 0 | AB5: 0 | AC5: 0 | AD5: 0 | AE5: 0 | AF5: 0 | AG5: 0 | AH5: 0.910086 | AI5: 1.44144 | AJ5: 18.549895 | AK5: 7.987418 | AL5: -5.991557
A6: NT2040_0 | B6: cz00 | C6: 97.710363 | D6: 0.008876 | E6: 1.690103 | F6: -28.100523 | G6: 0.570706 | H6: 0.194409 | I6: 1.21153 | J6: 0 | K6: 6.382384 | L6: 0 | M6: 14.602958 | N6: 36.261576 | O6: 5.477052 | P6: 0 | Q6: 0 | R6: 0 | S6: 5.231531 | T6: 2.493861 | U6: 0.00017673 | V6: 3.712885 | W6: -1.35954 | X6: -1.153731 | Y6: 0.865298 | Z6: 5.36239 | AA6: 9.1497082 | AB6: 0.070931 | AC6: 0.16888333 | AD6: 0 | AE6: 0 | AF6: 0 | AG6: 0 | AH6: 1.250777 | AI6: 3.980754 | AJ6: 0.814778 | AK6: 0.711473 | AL6: -0.995451
A7: NT2040_0 | B7: de00 | C7: 946.80668 | D7: 42.182771 | E7: 171.32052 | F7: 22.334946 | G7: 0 | H7: 1.753238 | I7: 15.126062 | J7: 294.32309 | K7: 387.78486 | L7: 0 | M7: 322.19536 | N7: 0 | O7: 54.516372 | P7: 0 | Q7: 0 | R7: 0 | S7: 154.65475 | T7: 29.959799 | U7: 0.00013607 | V7: 2.908037 | W7: -71.431218 | X7: -23.58042 | Y7: 17.685315 | Z7: 7.877748 | AA7: 13.549568 | AB7: 0.292029 | AC7: 0.69530714 | AD7: 0.131098 | AE7: 0.31975122 | AF7: 87.795324 | AG7: 46.215496 | AH7: 65.716721 | AI7: 1.142706 | AJ7: 0.641809 | AK7: 1.764577 | AL7: -2.748707
A8: NT2040_0 | B8: dekf | C8: 0 | D8: 0.844719 | E8: 0 | F8: 1.470965 | G8: 0 | H8: 0 | I8: 0 | J8: 2.315684 | K8: 0 | L8: 0 | M8: 0 | N8: 0 | O8: 0 | P8: 0 | Q8: 0 | R8: 0 | S8: 0 | T8: 0 | U8: 0.00010806 | V8: 0 | W8: 0 | X8: 0 | Y8: 0 | Z8: 0 | AA8: 0 | AB8: 0 | AC8: 0 | AD8: 0 | AE8: 0 | AF8: 0 | AG8: 0 | AH8: 0 | AI8: 0 | AJ8: 0 | AK8: 0 | AL8: 0
A9: NT2040_0 | B9: dkbh | C9: 0 | D9: 2.687966 | E9: 0 | F9: 9.121786 | G9: 0 | H9: 0 | I9: 0 | J9: 11.809752 | K9: 0 | L9: 0 | M9: 0 | N9: 0 | O9: 0 | P9: 0 | Q9: 0 | R9: 0 | S9: 0 | T9: 0 | U9: 0.0001275 | V9: 0 | W9: 0 | X9: 0 | Y9: 0 | Z9: 0 | AA9: 0 | AB9: 0 | AC9: 0 | AD9: 0 | AE9: 0 | AF9: 0 | AG9: 0 | AH9: 0 | AI9: 0 | AJ9: 0 | AK9: 0 | AL9: 0
A10: NT2040_0 | B10: dke1 | C10: 20.626122 | D10: 1.862912 | E10: 6.812179 | F10: -5.998527 | G10: 0 | H10: 0.050773 | I10: 0 | J10: 7.157267 | K10: 2.766005 | L10: 0 | M10: 7.846514 | N10: 0 | O10: 1.208476 | P10: 3.98544 | Q10: 0 | R10: 0.288211 | S10: 0 | T10: 0 | U10: 0.00012653 | V10: 0.724827 | W10: 0 | X10: 0 | Y10: 0 | Z10: 0 | AA10: 0 | AB10: 1.208476 | AC10: 3.18641 | AD10: 0 | AE10: 0 | AF10: 0 | AG10: 0 | AH10: 0 | AI10: 0 | AJ10: 0 | AK10: 0 | AL10: 0
A11: NT2040_0 | B11: dkkf | C11: 0 | D11: 3.297281 | E11: 0 | F11: 2.732846 | G11: 0 | H11: 0 | I11: 0 | J11: 6.030127 | K11: 0 | L11: 0 | M11: 0 | N11: 0 | O11: 0 | P11: 0 | Q11: 0 | R11: 0 | S11: 0 | T11: 0 | U11: 0.00010814 | V11: 0 | W11: 0 | X11: 0 | Y11: 0 | Z11: 0 | AA11: 0 | AB11: 0 | AC11: 0 | AD11: 0 | AE11: 0 | AF11: 0 | AG11: 0 | AH11: 0 | AI11: 0 | AJ11: 0 | AK11: 0 | AL11: 0
A12: NT2040_0 | B12: dkns | C12: 0 | D12: 31.295791 | E12: 0 | F12: 19.925329 | G12: 0 | H12: 0 | I12: 0 | J12: 51.22112 | K12: 0 | L12: 0 | M12: 0 | N12: 0 | O12: 0 | P12: 0 | Q12: 0 | R12: 0 | S12: 0 | T12: 0 | U12: 5.283e-05 | V12: 0 | W12: 0 | X12: 0 | Y12: 0 | Z12: 0 | AA12: 0 | AB12: 0 | AC12: 0 | AD12: 0 | AE12: 0 | AF12: 0 | AG12: 0 | AH12: 0 | AI12: 0 | AJ12: 0 | AK12: 0 | AL12: 0
A13: NT2040_0 | B13: dkw1 | C13: 37.91651 | D13: 4.856897 | E13: 48.451838 | F13: -3.389528 | G13: 0 | H13: 0.005622 | I13: 0 | J13: 50.861161 | K13: 13.597175 | L13: 0 | M13: 18.769116 | N13: 0 | O13: 2.412108 | P13: 2.16146 | Q13: 0 | R13: 0.049823 | S13: 0.431994 | T13: 0.016817 | U13: 0.00011715 | V13: 1.041312 | W13: -0.469558 | X13: 0 | Y13: 0 | Z13: 0.05484 | AA13: 0.11425 | AB13: 2.357268 | AC13: 6.6422648 | AD13: 0 | AE13: 0 | AF13: 0 | AG13: 0 | AH13: 0.431994 | AI13: 0 | AJ13: 0 | AK13: 0 | AL13: 0
... A149: NT2040_3 | B149: ukni | C149: 12.327529 | D149: 5.675491 | E149: 0 | F149: 3.168011 | G149: 0 | H149: 0 | I149: 0 | J149: 4.444924 | K149: 11.746441 | L149: 0 | M149: 1.959037 | N149: 0 | O149: 3.072925 | P149: 0 | Q149: 0.060229 | R149: 0.008757 | S149: 5.704648 | T149: 0.374774 | U149: 3.803e-05 | V149: 0.823826 | W149: -6.200704 | X149: 0 | Y149: 0 | Z149: 3.072544 | AA149: 5.2705151 | AB149: 0.000381 | AC149: 0.0010885714 | AD149: 0 | AE149: 0 | AF149: 0 | AG149: 0 | AH149: 5.704648 | AI149: 0 | AJ149: 0 | AK149: 0 | AL149: 0

Sheet year_agg_h2_data
A1: study_name | B1: LOAD | C1: SPIL..ENRG | D1: z_h2 | E1: BALANCE | F1: ROW.BAL. | G1: UNSP..ENRG | H1: MISC..DTG | I1: Other1_injection | J1: Other1_withdrawal | K1: h2_imports | L1: ccs_production | M1: ccs_emissions_Mt | N1: wo_ccs_production | O1: wo_ccs_emissions_Mt | P1: smr_wo_ccs_methane_TWh | Q1: smr_ccs_methane_TWh | R1: h2_stor_pump | S1: h2_stor_turb
A2: NT2040_0 | B2: 1421.8952 | C2: 1.506549 | D2: 645.9968 | E2: -1e-06 | F2: 76.320096 | G2: 3.127549 | H2: 699.56775 | I2: 0 | J2: 0 | K2: 595.15484 | L2: 84.323286 | M2: 1.8812525 | N2: 20.089621 | O2: 4.0957514 | P2: 26.433712 | Q2: 121.41582 | R2: 23.536306 | S2: -21.33192
A3: NT2040_1 | B3: 1421.8952 | C3: 2.414391 | D3: 677.59167 | E3: -1e-06 | F3: 76.320096 | G3: 3.155399 | H3: 669.82316 | I3: 0 | J3: 0 | K3: 569.63986 | L3: 81.508948 | M3: 1.8184646 | N3: 18.674355 | O3: 3.8072155 | P3: 24.57152 | Q3: 117.3635 | R3: 24.778679 | S3: -21.586051
A4: NT2040_2 | B4: 1421.8952 | C4: 2.536861 | D4: 760.86151 | E4: -2e-06 | F4: 76.320096 | G4: 3.286873 | H4: 586.65533 | I4: 0 | J4: 0 | K4: 492.48883 | L4: 77.755837 | M4: 1.7347327 | N4: 16.410663 | O4: 3.3457075 | P4: 21.592978 | Q4: 111.95945 | R4: 25.246433 | S4: -21.921163
A5: NT2040_3 | B5: 1421.8952 | C5: 2.582637 | D5: 797.61107 | E5: 1e-06 | F5: 76.320096 | G5: 3.277693 | H5: 550.00537 | I5: 0 | J5: 0 | K5: 471.15722 | L5: 70.472605 | M5: 1.5722438 | N5: 8.37555 | O5: 1.7075569 | P5: 11.020461 | Q5: 101.47243 | R5: 25.881228 | S5: -22.49721

Sheet year_area_h2_data
A1: study_name | B1: area | C1: LOAD | D1: SPIL..ENRG | E1: z_h2 | F1: BALANCE | G1: ROW.BAL. | H1: UNSP..ENRG | I1: MISC..DTG | J1: Other1_injection | K1: Other1_withdrawal | L1: MRG..PRICE | M1: h2_imports | N1: ccs_production | O1: ccs_emissions_Mt | P1: wo_ccs_production | Q1: wo_ccs_emissions_Mt | R1: smr_wo_ccs_methane_TWh | S1: smr_ccs_methane_TWh | T1: h2_stor_pump | U1: h2_stor_turb
A2: NT2040_0 | B2: at00h2 | C2: 34.345747 | D2: 0 | E2: 1.546048 | F2: -4.838772 | G2: 27.639961 | H2: 0 | I2: 0.320966 | J2: 0 | K2: 0 | L2: -1.64e-05 | M2: 0 | N2: 0.215055 | O2: 0.004797877 | P2: 0.105912 | Q2: 0.021592703 | R2: 0.13935789 | S2: 0.30965443 | T2: 0 | U2: 0
A3: NT2040_0 | B3: be00h2 | C3: 69.788366 | D3: 0 | E3: 3.517895 | F3: 32.096443 | G3: 0 | H3: 0 | I3: 98.366914 | J3: 0 | K3: 0 | L3: 0.00011276 | M3: 91.362553 | N3: 6.281852 | O3: 0.14014812 | P3: 0.722508 | Q3: 0.1473006 | R3: 0.95066842 | S3: 9.0451433 | T3: 0 | U3: 0
A4: NT2040_0 | B4: ch00h2 | C4: 0 | D4: 0 | E4: 0.019331 | F4: 0.019331 | G4: 0 | H4: 0 | I4: 0 | J4: 0 | K4: 0 | L4: -4.202e-05 | M4: 0 | N4: 0 | O4: 0 | P4: 0 | Q4: 0 | R4: 0 | S4: 0 | T4: 0 | U4: 0
A5: NT2040_0 | B5: cz00h2 | C5: 38.943759 | D5: 0 | E5: 1.076596 | F5: 13.358528 | G5: 48.680135 | H5: 0 | I5: 2.545556 | J5: 0 | K5: 0 | L5: 0.00017169 | M5: 0 | N5: 1.004453 | O5: 0.022409346 | P5: 1.541104 | Q5: 0.31419104 | R5: 2.0277684 | S5: 1.4462966 | T5: 0 | U5: 0
A6: NT2040_0 | B6: de00h2 | C6: 431.5965 | D6: 0 | E6: 109.13117 | F6: -109.92592 | G6: 0 | H6: 0.55205 | I6: 211.98328 | J6: 0 | K6: 0 | L6: 0.0001717 | M6: 181.64532 | N6: 27.270647 | O6: 0.60840813 | P6: 3.067316 | Q6: 0.62534598 | R6: 4.0359421 | S6: 39.26659 | T6: 2.286139 | U6: -2.290207
A7: NT2040_0 | B7: dk00h2 | C7: 26.109425 | D7: 0 | E7: 35.203179 | F7: 8.811475 | G7: 0 | H7: 0.309051 | I7: 0 | J7: 0 | K7: 0 | L7: 0.00016438 | M7: 0 | N7: 0 | O7: 0 | P7: 0 | Q7: 0 | R7: 0 | S7: 0 | T7: 0.736477 | U7: -0.144989
A8: NT2040_0 | B8: es00h2 | C8: 51.856896 | D8: 0 | E8: 45.90625 | F8: 79.670729 | G8: 0 | H8: 0 | I8: 85.615551 | J8: 0 | K8: 0 | L8: 1.214e-05 | M8: 85.592752 | N8: 0.009783 | O8: 0.00021825873 | P8: 0.013017 | Q8: 0.0026538279 | R8: 0.017127632 | S8: 0.014086393 | T8: 7.893545 | U8: -7.899365
A9: NT2040_0 | B9: fi00h2 | C9: 72.382886 | D9: 0 | E9: 99.855244 | F9: 29.974797 | G9: 0 | H9: 0.416009 | I9: 2.086431 | J9: 0 | K9: 0 | L9: 0.00017176 | M9: 0 | N9: 0.84159 | O9: 0.018775873 | P9: 1.24484 | Q9: 0.25379051 | R9: 1.6379474 | S9: 1.2117927 | T9: 0 | U9: 0
A10: NT2040_0 | B10: fr00h2 | C10: 141.39743 | D10: 0 | E10: 50.887713 | F10: -49.979482 | G10: 0 | H10: 0 | I10: 40.504163 | J10: 0 | K10: 0 | L10: 0.00011276 | M10: 32.604284 | N10: 7.074867 | O10: 0.15784028 | P10: 0.825012 | Q10: 0.1681985 | R10: 1.0855421 | S10: 10.186994 | T10: 0.672283 | U10: -0.698167
A11: NT2040_0 | B11: ie00h2 | C11: 12.169275 | D11: 0 | E11: 12.166494 | F11: 0 | G11: 0 | H11: 0.002781 | I11: 0 | J11: 0 | K11: 0 | L11: 5.324e-05 | M11: 0 | N11: 0 | O11: 0 | P11: 0 | Q11: 0 | R11: 0 | S11: 0 | T11: 0 | U11: 0
A12: NT2040_0 | B12: it00h2 | C12: 109.35869 | D12: 1.506549 | E12: 2.098023 | F12: 59.24445 | G12: 0 | H12: 0 | I12: 169.66105 | J12: 0 | K12: 0 | L12: -4.202e-05 | M12: 169.66105 | N12: 0 | O12: 0 | P12: 0 | Q12: 0 | R12: 0 | S12: 0 | T12: 5.568623 | U12: -3.919266
A13: NT2040_0 | B13: nl00h2 | C13: 96.496577 | D13: 0 | E13: 93.943202 | F13: 51.924494 | G13: 0 | H13: 0 | I13: 54.477869 | J13: 0 | K13: 0 | L13: 0.00015687 | M13: 34.288884 | N13: 18.061525 | O13: 0.40295262 | P13: 2.12746 | Q13: 0.43373378 | R13: 2.7992895 | S13: 26.006515 | T13: 4.798237 | U13: -4.79824
... A65: NT2040_3 | B65: uk00h2 | C65: 147.39625 | D65: 0 | E65: 132.29622 | F65: 1.170871 | G65: 0 | H65: 0.789061 | I65: 15.478461 | J65: 0 | K65: 0 | L65: 0.00016096 | M65: 0 | N65: 14.496723 | O65: 0.32342189 | P65: 0.981738 | Q65: 0.20015085 | R65: 1.2917605 | S65: 20.873611 | T65: 1.85955 | U65: -1.8629
